description,image_all,price,title
"Available for Waist 19"" - 63"" | Petite - Tall Craft: Dabu Hand-Lep Print Primary Fabric: 100% Cotton - Natural Dyed, Hand Lep-ed in Bagru (Rajasthan) This garment is Hand Embroidered Pattern: Solid, Contemporary Color: Beige Style: Flared Length: Mid-Thigh Length High Rise waist Full Elasticated Waist This garment has Slash Pocket, Rounded Pocket Number of Pockets: 2 Garment Transparency: Opaque Relaxed Fit Heading out for brunch in the summer heat? It can't get comfier than our flared shorts. Fully elasticated at the waist for ease of wearing, it is natural-dyed using the hand-lep Dabu technique, which makes it skin-friendly. Complete with spacious slash pockets for all your stuff, pair it up with a white camisole and slide sandals to let your skin breathe.Our artisans craft each piece, exclusively for you. Being handcrafted, every garment is unique.Disclaimer: All products shown","//cdn.shopify.com/s/files/1/0534/2501/2925/products/beige-dabu-print-cotton-flared-shorts-flared-shorts-193530_800x.jpg?v=1625847290,//cdn.shopify.com/s/files/1/0534/2501/2925/products/beige-dabu-print-cotton-flared-shorts-flared-shorts-131156_800x.jpg?v=1625847290,//cdn.shopify.com/s/files/1/0534/2501/2925/products/beige-dabu-print-cotton-flared-shorts-flared-shorts-240543_800x.jpg?v=1625847290,//cdn.shopify.com/s/files/1/0534/2501/2925/products/beige-dabu-print-cotton-flared-shorts-flared-shorts-982308_800x.jpg?v=1625847290,//cdn.shopify.com/s/files/1/0534/2501/2925/products/beige-dabu-print-cotton-flared-shorts-flared-shorts-140936_800x.jpg?v=1625847290,//cdn.shopify.com/s/files/1/0534/2501/2925/products/beige-dabu-print-cotton-flared-shorts-flared-shorts-333072_800x.jpg?v=1625847290","3,390",Beige Dabu Print Cotton Flared Shorts
"Available for Waist 19"" - 63"" | Petite - Tall Primary Fabric: 100% Cotton Corduroy Pattern: Solid, Stripes Color: Mauve Button Type: Shell Style: Baggy, Pleated Length: Mid-Thigh Length High Rise waist Half Elasticated Waist This garment has Slash Pocket Number of Pockets: 2 Garment Transparency: Opaque Comfort Fit Exposed Zip at Front Functional Specialty: Fold Up Hem Our artisans craft each piece, exclusively for you. Being handcrafted, every garment is unique.This product can also be worn as a maternity outfit.Disclaimer: All products shown in this picture, apart from these Shorts, are purely for Styling and Photography purposes. These will not be included in your order.We have an array of size and style options in shorts. We offer tall women's shorts and women's petite shorts. Scroll through our range of best plus size shorts.SKU: WSRT54B Shop this look Buy the","//cdn.shopify.com/s/files/1/0534/2501/2925/products/mauve-cotton-corduroy-baggy-shorts-baggy-shorts-701908_800x.jpg?v=1625990578,//cdn.shopify.com/s/files/1/0534/2501/2925/products/mauve-cotton-corduroy-baggy-shorts-baggy-shorts-831988_800x.jpg?v=1625990578,//cdn.shopify.com/s/files/1/0534/2501/2925/products/mauve-cotton-corduroy-baggy-shorts-baggy-shorts-450708_800x.jpg?v=1625990578,//cdn.shopify.com/s/files/1/0534/2501/2925/products/mauve-cotton-corduroy-baggy-shorts-baggy-shorts-320004_800x.jpg?v=1625990578,//cdn.shopify.com/s/files/1/0534/2501/2925/products/mauve-cotton-corduroy-baggy-shorts-baggy-shorts-680357_800x.jpg?v=1625990578,//cdn.shopify.com/s/files/1/0534/2501/2925/products/mauve-cotton-corduroy-baggy-shorts-baggy-shorts-100693_800x.jpg?v=1625990578,//cdn.shopify.com/s/files/1/0534/2501/2925/products/mauve-cotton-corduroy-baggy-shorts-baggy-shorts-950871_800x.jpg?v=1625990578","3,200",Mauve Cotton Corduroy Baggy Shorts
"Available for Waist 19"" - 63"" | Petite - Tall Craft: Bagru Hand Block Print Primary Fabric: 100% Cotton - Natural Dyed, Hand Block Printed in Bagru (Rajasthan) Pattern: Floral, Contemporary Color: Brick Red Style: Hot Pants Length: Mid-Thigh Length Mid Rise waist Waistbandless This garment has Inseam Pocket Number of Pockets: 2 Garment Transparency: Opaque Slim Fit Exposed Zip at the Front Belt Loops When summer gets too hot to bear, compete it with your hot pants. It has soft cotton fabric, relaxed fit, and inseam pockets to keep you snug. Get out in the sun any day or to a brunch wearing these hot pants with a black top.Our artisans craft each piece, exclusively for you. Being handcrafted, every garment is unique.Disclaimer: All products shown in this picture, apart from these Shorts, are purely for Styling and Photography","//cdn.shopify.com/s/files/1/0534/2501/2925/products/brick-red-mid-rise-hot-pants-hot-pants-shorts-329598_800x.jpg?v=1626171553,//cdn.shopify.com/s/files/1/0534/2501/2925/products/brick-red-mid-rise-hot-pants-hot-pants-shorts-731406_800x.jpg?v=1626171553,//cdn.shopify.com/s/files/1/0534/2501/2925/products/brick-red-mid-rise-hot-pants-hot-pants-shorts-145244_800x.jpg?v=1626171553,//cdn.shopify.com/s/files/1/0534/2501/2925/products/brick-red-mid-rise-hot-pants-hot-pants-shorts-287497_800x.jpg?v=1626171553,//cdn.shopify.com/s/files/1/0534/2501/2925/products/brick-red-mid-rise-hot-pants-hot-pants-shorts-203071_800x.jpg?v=1626171553","2,760",Brick Red Block Print Floral Hot Pants
"Available for Waist 19"" - 63"" | Petite - Tall Primary Fabric: 100% Cotton This garment is Hand Beaded Pattern: Solid Color: White Button Type: Wood Style: Short Length: Mid-Thigh Length Mid Rise waist Banded waist This garment has Welt Pocket Number of Pockets: 2 Garment Transparency: Opaque Slim Fit Concealed Zip at the Left For days as hot as the sun, our short shorts is perfect. It's a cute pair of white shorts made with breathable cotton in a relaxed silhouette with welt pockets and hand-beading done by our artisans. It keeps you feeling breezy all day, no matter where you go - the beach, brunch, or a day out. Complete the look with a tank top and sneakers.Our artisans craft each piece, exclusively for you. Being handcrafted, every garment is unique.Disclaimer: All products shown in this picture, apart","//cdn.shopify.com/s/files/1/0534/2501/2925/products/white-hand-beaded-short-shorts-short-shorts-244024_800x.jpg?v=1625990991,//cdn.shopify.com/s/files/1/0534/2501/2925/products/white-hand-beaded-short-shorts-short-shorts-249070_800x.jpg?v=1625990991,//cdn.shopify.com/s/files/1/0534/2501/2925/products/white-hand-beaded-short-shorts-short-shorts-128854_800x.jpg?v=1625990991,//cdn.shopify.com/s/files/1/0534/2501/2925/products/white-hand-beaded-short-shorts-short-shorts-924083_800x.jpg?v=1625990991,//cdn.shopify.com/s/files/1/0534/2501/2925/products/white-hand-beaded-short-shorts-short-shorts-984262_800x.jpg?v=1625990991","3,020",White Hand Beaded Short Cotton Shorts
"Available for Waist 19"" - 63"" | Petite - Tall Primary Fabric: 100% Cotton - Vegetable Dyed in Ahmedabad (Gujarat), Handspun, Hand Woven in Nagri (Tamil Nadu) Pattern: Solid Color: Khaki Green Style: Short Length: Mid-Thigh Length Mid Rise waist Full Elasticated Waist, Attached Belt at Waist This garment has Patch Pocket, Mobile Pocket Number of Pockets: 4 Garment Transparency: Opaque Comfort Fit Contrast Top Stitch For days as hot as the sun, our short shorts are perfect. It's a cute pair of violet shorts made from Mangalgiri cotton, in a relaxed silhouette with patch pockets. It features a fully elasticated waist with an attached belt for a snug fit. These shorts keep you feeling breezy all day, no matter where you go - the beach, brunch, or a day out. Complete the look with an ecru flared camisole and","//cdn.shopify.com/s/files/1/0534/2501/2925/products/khakhi-vegetable-dyed-handspun-short-shorts-short-shorts-683178_800x.jpg?v=1626083172,//cdn.shopify.com/s/files/1/0534/2501/2925/products/khakhi-vegetable-dyed-handspun-short-shorts-short-shorts-974820_800x.jpg?v=1626083172,//cdn.shopify.com/s/files/1/0534/2501/2925/products/khakhi-vegetable-dyed-handspun-short-shorts-short-shorts-725976_800x.jpg?v=1626083172,//cdn.shopify.com/s/files/1/0534/2501/2925/products/khakhi-vegetable-dyed-handspun-short-shorts-short-shorts-401467_800x.jpg?v=1626083172,//cdn.shopify.com/s/files/1/0534/2501/2925/products/khakhi-vegetable-dyed-handspun-short-shorts-short-shorts-346326_800x.jpg?v=1626083172","4,670",Khaki Vegetable Dyed Handspun Short Shorts
"Available for Waist 19"" - 63"" | Petite - Tall Primary Fabric: 100% Cotton Flannel Pattern: Solid Color: Grape Wine Button Type: Shell Style: Convertible Straight Cargo Pant Shorts Length: Ankle Length when worn as Pant. Mid-Thigh Length when worn as Shorts Mid Rise waist Half Elasticated Waist This garment has Slash Pocket Number of Pockets: 2 Garment Transparency: Opaque Relaxed Fit Exposed Zip at Front Our artisans craft each piece, exclusively for you. Being handcrafted, every garment is unique.Disclaimer: All products shown in this picture, apart from these Shorts, are purely for Styling and Photography purposes. These will not be included in your order.We have an array of size and style options in shorts. We offer tall women's shorts and women's petite shorts. Scroll through our range of best plus size shorts.SKU: WSRT48A--------------------------- 100% COTTON 100% Cotton is the","//cdn.shopify.com/s/files/1/0534/2501/2925/products/WSRT48AShot1_800x.jpg?v=1642053487,//cdn.shopify.com/s/files/1/0534/2501/2925/products/WSRT48AShot2_800x.jpg?v=1642053487,//cdn.shopify.com/s/files/1/0534/2501/2925/products/6L3A6320_800x.jpg?v=1642053487,//cdn.shopify.com/s/files/1/0534/2501/2925/products/6L3A6279_800x.jpg?v=1642053487,//cdn.shopify.com/s/files/1/0534/2501/2925/products/6L3A6310_800x.jpg?v=1642053487,//cdn.shopify.com/s/files/1/0534/2501/2925/products/6L3A6297_800x.jpg?v=1642053487,//cdn.shopify.com/s/files/1/0534/2501/2925/products/6L3A6321_800x.jpg?v=1642053487,//cdn.shopify.com/s/files/1/0534/2501/2925/products/6L3A6303_800x.jpg?v=1642053487,//cdn.shopify.com/s/files/1/0534/2501/2925/products/6L3A6323_800x.jpg?v=1642053487,//cdn.shopify.com/s/files/1/0534/2501/2925/products/6L3A6281---crop-for-pant_800x.jpg?v=1642053487,//cdn.shopify.com/s/files/1/0534/2501/2925/products/6L3A6300_800x.jpg?v=1642053487,//cdn.shopify.com/s/files/1/0534/2501/2925/products/6L3A6322_800x.jpg?v=1642053487,//cdn.shopify.com/s/files/1/0534/2501/2925/products/6L3A6302_800x.jpg?v=1642053479","4,630",Purple Flannel Convertible Pant Shorts
"Available for Waist 19"" - 63"" | Petite - Tall Primary Fabric: 100% Cotton - Yarn Dyed Pattern: Stripes Color: Cloudy Grey Button Type: Metal Style: Paperbag, Pleated Length: Mid-Thigh Length High Rise waist Detached Belt at Waist This garment has Inseam Pocket Number of Pockets: 2 Garment Transparency: Opaque Relaxed Fit Concealed Zip at Side Belt Loops Our artisans craft each piece, exclusively for you. Being handcrafted, every garment is unique.Disclaimer: All products shown in this picture, apart from these Shorts, are purely for Styling and Photography purposes. These will not be included in your order.We have an array of size and style options in shorts. We offer tall women's shorts and women's petite shorts. Scroll through our range of best plus size shorts.SKU: WSRT52 Shop this look Buy the Top Buy the 2-Piece Co-ord Set --------------------------- 100% COTTON","//cdn.shopify.com/s/files/1/0534/2501/2925/products/cotton-grey-striped-paperbag-shorts-paperbag-shorts-213255_800x.jpg?v=1625849646,//cdn.shopify.com/s/files/1/0534/2501/2925/products/cotton-grey-striped-paperbag-shorts-paperbag-shorts-183865_800x.jpg?v=1625849646,//cdn.shopify.com/s/files/1/0534/2501/2925/products/cotton-grey-striped-paperbag-shorts-paperbag-shorts-875873_800x.jpg?v=1625849646,//cdn.shopify.com/s/files/1/0534/2501/2925/products/cotton-grey-striped-paperbag-shorts-paperbag-shorts-688935_800x.jpg?v=1625849646,//cdn.shopify.com/s/files/1/0534/2501/2925/products/cotton-grey-striped-paperbag-shorts-paperbag-shorts-646168_800x.jpg?v=1625849646,//cdn.shopify.com/s/files/1/0534/2501/2925/products/cotton-grey-striped-paperbag-shorts-paperbag-shorts-981638_800x.jpg?v=1625849646","3,550",Cotton Grey Striped Paperbag Shorts
"Available for Waist 19"" - 63"" | Petite - Tall Primary Fabric: 100% Cotton Denim This garment is Hand Embroidered Pattern: Solid Color: Indigo Button Type: Metal Style: Paneled, Short Length: Mid-Thigh Length Mid Rise waist This garment has Slash Pocket Number of Pockets: 2 Garment Transparency: Opaque Comfort Fit Exposed Zip at Front Our artisans craft each piece, exclusively for you. Being handcrafted, every garment is unique.Disclaimer: All products shown in this picture, apart from these Shorts, are purely for Styling and Photography purposes. These will not be included in your order.We have an array of size and style options in shorts. We offer tall women's shorts and women's petite shorts. Scroll through our range of best plus size shorts.SKU: WSRT51 Shop this look Buy the Top --------------------------- 100% COTTON 100% Cotton is the epitome of versatility and longevity.","//cdn.shopify.com/s/files/1/0534/2501/2925/products/indigo-cotton-denim-paneled-shorts-paneled-shorts-298788_800x.jpg?v=1611240888,//cdn.shopify.com/s/files/1/0534/2501/2925/products/indigo-cotton-denim-paneled-shorts-paneled-shorts-618394_800x.jpg?v=1611240888,//cdn.shopify.com/s/files/1/0534/2501/2925/products/indigo-cotton-denim-paneled-shorts-paneled-shorts-946396_800x.jpg?v=1611240888,//cdn.shopify.com/s/files/1/0534/2501/2925/products/indigo-cotton-denim-paneled-shorts-paneled-shorts-884463_800x.jpg?v=1611240888,//cdn.shopify.com/s/files/1/0534/2501/2925/products/indigo-cotton-denim-paneled-shorts-paneled-shorts-926446_800x.jpg?v=1611240888,//cdn.shopify.com/s/files/1/0534/2501/2925/products/indigo-cotton-denim-paneled-shorts-paneled-shorts-272301_800x.jpg?v=1611240888","3,400",Indigo Cotton Denim Paneled Shorts
"Available for Waist 19"" - 63"" | Petite - Tall Primary Fabric: 100% Cotton - Yarn Dyed, Vegetable Dyed in Ahmedabad (Gujarat), Handspun, Hand Woven in Nagri (Tamil Nadu) Pattern: Checks Color: Off-white, Pink Style: Paneled Length: Mid-Thigh Length Mid Rise waist Full Elasticated Waist This garment has Slash Pocket Number of Pockets: 2 Garment Transparency: Opaque Comfort Fit Perfect for anyone who loves a blend of checks and stripes. These pocket-friendly paneled shorts come with slash pockets to rest your hands (and your stuff!). The fully elasticated waist makes it easy to wear, while the vegetable dyed 100% cotton ensures it's skin-friendliness. Style it with your favorite white spaghetti top and slide sandals for a perfect brunch by the sea.Our artisans craft each piece, exclusively for you. Being handcrafted, every garment is unique.Disclaimer: All products shown in this picture,","//cdn.shopify.com/s/files/1/0534/2501/2925/products/vegetable-dyed-off-white-paneled-shorts-paneled-shorts-120047_800x.jpg?v=1626283687,//cdn.shopify.com/s/files/1/0534/2501/2925/products/vegetable-dyed-off-white-paneled-shorts-paneled-shorts-297253_800x.jpg?v=1626283687,//cdn.shopify.com/s/files/1/0534/2501/2925/products/vegetable-dyed-off-white-paneled-shorts-paneled-shorts-278679_800x.jpg?v=1626283687,//cdn.shopify.com/s/files/1/0534/2501/2925/products/vegetable-dyed-off-white-paneled-shorts-paneled-shorts-215418_800x.jpg?v=1626283687,//cdn.shopify.com/s/files/1/0534/2501/2925/products/vegetable-dyed-off-white-paneled-shorts-paneled-shorts-377677_800x.jpg?v=1626283687","3,940",Vegetable Dyed Off-White Paneled Shorts
"Available for Waist 19"" - 63"" | Petite - Tall Primary Fabric: 100% Cotton Muslin - Yarn Dyed, Azo-Free Dyed, Handspun, Hand Woven in Murshidabad (West Bengal) Pattern: Solid Color: Melon Orange Button Type: Shell Style: Straight Length: Mid-Thigh Length Mid Rise waist Half Elasticated Waist This garment has Patch Pocket Number of Pockets: 2 Garment Transparency: Opaque Relaxed Fit Exposed Zip at front Our artisans craft each piece, exclusively for you. Being handcrafted, every garment is unique.Disclaimer: All products shown in this picture, apart from these Shorts, are purely for Styling and Photography purposes. These will not be included in your order.We have an array of size and style options in shorts. We offer tall women's shorts and women's petite shorts. Scroll through our range of best plus size shorts.SKU: WSRT46A Shop this look Buy the Top --------------------------- HAND","//cdn.shopify.com/s/files/1/0534/2501/2925/products/melon-orange-handspun-mirror-work-shorts-straight-shorts-828968_800x.jpg?v=1626279953,//cdn.shopify.com/s/files/1/0534/2501/2925/products/melon-orange-handspun-mirror-work-shorts-straight-shorts-593333_800x.jpg?v=1626279953,//cdn.shopify.com/s/files/1/0534/2501/2925/products/melon-orange-handspun-mirror-work-shorts-straight-shorts-712699_800x.jpg?v=1626279953,//cdn.shopify.com/s/files/1/0534/2501/2925/products/melon-orange-handspun-mirror-work-shorts-straight-shorts-402935_800x.jpg?v=1626279953","2,610",Melon Orange Handspun Mirror Work Shorts
"Available for Waist 19"" - 63"" | Petite - Tall Craft: Bagru Hand Block Print Primary Fabric: 100% Cotton - Natural Dyed, Hand Block Printed in Bagru (Rajasthan) Pattern: Floral, Contemporary Color: Beige Style: Short Length: Micro Length Mid Rise waist Full Elasticated Waist This garment has Patch Pocket Number of Pockets: 2 Garment Transparency: Opaque Comfort Fit Elasticized Drawstring at Waist When summer gets too hot to bear, get your short shorts on. It has soft cotton fabric, relaxed fit, and patch pockets to keep you snug. Get out in the sun any day or to a brunch wearing these short shorts with a mustard crop top.Our artisans craft each piece, exclusively for you. Being handcrafted, every garment is unique.Disclaimer: All products shown in this picture, apart from these Shorts, are purely for Styling and Photography purposes. These will","//cdn.shopify.com/s/files/1/0534/2501/2925/products/floral-bagru-printed-short-shorts-short-shorts-756458_800x.jpg?v=1625850454,//cdn.shopify.com/s/files/1/0534/2501/2925/products/floral-bagru-printed-short-shorts-short-shorts-835454_800x.jpg?v=1625850454,//cdn.shopify.com/s/files/1/0534/2501/2925/products/floral-bagru-printed-short-shorts-short-shorts-894813_800x.jpg?v=1625850454,//cdn.shopify.com/s/files/1/0534/2501/2925/products/floral-bagru-printed-short-shorts-short-shorts-799069_800x.jpg?v=1625850454,//cdn.shopify.com/s/files/1/0534/2501/2925/products/floral-bagru-printed-short-shorts-short-shorts-609254_800x.jpg?v=1625850454","2,670",Floral Block Print Comfort Fit Shorts
"Available for Waist 19"" - 63"" | Petite - Tall Primary Fabric: 100% Cotton - Yarn Dyed, Azo-Free Dyed, Handspun, Hand Woven in Murshidabad (West Bengal) This is a lined garment Pattern: Solid Color: Brown Style: Flared Length: Mid-Thigh Length Mid Rise waist Half Elasticated Waist This garment has Inseam Pocket Number of Pockets: 2 Garment Transparency: Opaque Comfort Fit Our artisans craft each piece, exclusively for you. Being handcrafted, every garment is unique.Disclaimer: All products shown in this picture, apart from these Shorts, are purely for Styling and Photography purposes. These will not be included in your order.We have an array of size and style options in shorts. We offer tall women's shorts and women's petite shorts. Scroll through our range of best plus size shorts.SKU: WSRT43A Shop this look Buy the Top --------------------------- HANDSPUN AND HAND WOVEN +","//cdn.shopify.com/s/files/1/0534/2501/2925/products/handspun-brown-flared-shorts-flared-shorts-171324_800x.jpg?v=1626080841,//cdn.shopify.com/s/files/1/0534/2501/2925/products/handspun-brown-flared-shorts-flared-shorts-875565_800x.jpg?v=1626080841,//cdn.shopify.com/s/files/1/0534/2501/2925/products/handspun-brown-flared-shorts-flared-shorts-517788_800x.jpg?v=1626080841,//cdn.shopify.com/s/files/1/0534/2501/2925/products/handspun-brown-flared-shorts-flared-shorts-183739_800x.jpg?v=1626080841,//cdn.shopify.com/s/files/1/0534/2501/2925/products/handspun-brown-flared-shorts-flared-shorts-563954_800x.jpg?v=1626080841,//cdn.shopify.com/s/files/1/0534/2501/2925/products/handspun-brown-flared-shorts-flared-shorts-643506_800x.jpg?v=1626080841","3,720",Handspun Brown Flared Shorts
"Available for Waist 19"" - 63"" | Petite - Tall Craft: Bagru Hand Block Print Primary Fabric: 100% Cotton - Natural Dyed, Hand Block Printed in Bagru (Rajasthan) Pattern: Geometric Color: Black Button Type: Shell Style: Short, Boxers Length: Micro Length Mid Rise waist Full Elasticated Waist This garment has Slash Pocket Number of Pockets: 2 Garment Transparency: Translucent Comfort Fit Elasticized Drawstring at Waist A pair of short black boxers made of breathable cotton, printed in geometric Bagru print, and has pockets. What is more snug and cute? Pair it with a black top, and head out for a run on the beach!Our artisans craft each piece, exclusively for you. Being handcrafted, every garment is unique.Disclaimer: All products shown in this picture, apart from these Shorts, are purely for Styling and Photography purposes. These will not be included in","//cdn.shopify.com/s/files/1/0534/2501/2925/products/black-elasticated-short-boxers-short-shorts-591242_800x.jpg?v=1625848026,//cdn.shopify.com/s/files/1/0534/2501/2925/products/black-elasticated-short-boxers-short-shorts-815542_800x.jpg?v=1625848026,//cdn.shopify.com/s/files/1/0534/2501/2925/products/black-elasticated-short-boxers-short-shorts-596026_800x.jpg?v=1625848026,//cdn.shopify.com/s/files/1/0534/2501/2925/products/black-elasticated-short-boxers-short-shorts-468377_800x.jpg?v=1625848026,//cdn.shopify.com/s/files/1/0534/2501/2925/products/black-elasticated-short-boxers-short-shorts-922827_800x.jpg?v=1625848026","2,140",Black Elasticated Short Cotton Boxers
"Available for Waist 19"" - 63"" | Petite - Tall Primary Fabric: 100% Cotton Mangalgiri - Yarn Dyed, Woven in Chinnalapatti (Tamil Nadu) Pattern: Stripes Color: Violet Style: Short Length: Mid-Thigh Length High Rise waist Half Elasticated Waist This garment has Slash Pocket Number of Pockets: 2 Garment Transparency: Opaque Relaxed Fit Pin Tucks at front Airy and soft, these Mangalgiri cotton shorts are sure to become your favorite this summer. With slash pockets to slide in your essentials, these short shorts feature a half elasticated waist for a comfortable fit. Strike a pose at the beach in these shorts styles with a midriff top and flip-flops.Our artisans craft each piece, exclusively for you. Being handcrafted, every garment is unique.Disclaimer: All products shown in this picture, apart from these Shorts, are purely for Styling and Photography purposes. These will not","//cdn.shopify.com/s/files/1/0534/2501/2925/products/violet-mangalgiri-cotton-short-shorts-short-shorts-603837_800x.jpg?v=1625991042,//cdn.shopify.com/s/files/1/0534/2501/2925/products/violet-mangalgiri-cotton-short-shorts-short-shorts-544081_800x.jpg?v=1625991042,//cdn.shopify.com/s/files/1/0534/2501/2925/products/violet-mangalgiri-cotton-short-shorts-short-shorts-111444_800x.jpg?v=1625991042,//cdn.shopify.com/s/files/1/0534/2501/2925/products/violet-mangalgiri-cotton-short-shorts-short-shorts-273810_800x.jpg?v=1625991042,//cdn.shopify.com/s/files/1/0534/2501/2925/products/violet-mangalgiri-cotton-short-shorts-short-shorts-948141_800x.jpg?v=1625991042","3,440",Violet Striped Mangalgiri Cotton Shorts
"Available for Waist 19"" - 63"" | Petite - Tall Primary Fabric: 100% Cotton - Vegetable Dyed in Ahmedabad (Gujarat), Handspun, Hand Woven in Nagri (Tamil Nadu) Pattern: Solid Color: Yellow Style: Short Length: Mid-Thigh Length Mid Rise waist Full Elasticated Waist, Attached Belt at Waist This garment has Patch Pocket, Mobile Pocket Number of Pockets: 4 Garment Transparency: Opaque Comfort Fit Our artisans craft each piece, exclusively for you. Being handcrafted, every garment is unique.Disclaimer: All products shown in this picture, apart from these Shorts, are purely for Styling and Photography purposes. These will not be included in your order.We have an array of size and style options in shorts. We offer tall women's shorts and women's petite shorts. Scroll through our range of best plus size shorts.SKU: WSRT21E--------------------------- HANDSPUN AND HAND WOVEN + VEGETABLE DYED + When fiber","//cdn.shopify.com/s/files/1/0534/2501/2925/products/yellow-vegetable-dyed-handspun-short-shorts-short-shorts-468816_800x.jpg?v=1626371454,//cdn.shopify.com/s/files/1/0534/2501/2925/products/yellow-vegetable-dyed-handspun-short-shorts-short-shorts-547087_800x.jpg?v=1626371454,//cdn.shopify.com/s/files/1/0534/2501/2925/products/yellow-vegetable-dyed-handspun-short-shorts-short-shorts-953130_800x.jpg?v=1626371454,//cdn.shopify.com/s/files/1/0534/2501/2925/products/yellow-vegetable-dyed-handspun-short-shorts-short-shorts-574804_800x.jpg?v=1626371454,//cdn.shopify.com/s/files/1/0534/2501/2925/products/yellow-vegetable-dyed-handspun-short-shorts-short-shorts-189483_800x.jpg?v=1626371454,//cdn.shopify.com/s/files/1/0534/2501/2925/products/yellow-vegetable-dyed-handspun-short-shorts-short-shorts-836240_800x.jpg?v=1626371454","4,660",Yellow Vegetable Dyed Handspun Short Shorts
"Available for Waist 19"" - 63"" | Petite - Tall Craft: Dabu Hand Block Print Primary Fabric: 100% Cotton - Natural Dyed, Hand Block Printed in Sanganer (Rajasthan) This is a lined garment Pattern: Botanical, Floral Color: Beige Style: Short Length: Mid-Thigh Length High Rise waist Waistbandless This garment has Inseam Pocket Number of Pockets: 2 Garment Transparency: Opaque Comfort Fit Tie-Up at Waist Concealed Zip at The Left Cord Piping Our artisans craft each piece, exclusively for you. Being handcrafted, every garment is unique.Disclaimer: All products shown in this picture, apart from these Shorts, are purely for Styling and Photography purposes. These will not be included in your order.We have an array of size and style options in shorts. We offer tall women's shorts and women's petite shorts. Scroll through our range of best plus size shorts.SKU: WSRT6A Shop","//cdn.shopify.com/s/files/1/0534/2501/2925/products/kashish-dabu-print-high-rise-comfort-fit-shorts-short-shorts-688473_800x.jpg?v=1626279264,//cdn.shopify.com/s/files/1/0534/2501/2925/products/kashish-dabu-print-high-rise-comfort-fit-shorts-short-shorts-949083_800x.jpg?v=1626279264,//cdn.shopify.com/s/files/1/0534/2501/2925/products/kashish-dabu-print-high-rise-comfort-fit-shorts-short-shorts-614146_800x.jpg?v=1626279264,//cdn.shopify.com/s/files/1/0534/2501/2925/products/kashish-dabu-print-high-rise-comfort-fit-shorts-short-shorts-154987_800x.jpg?v=1626279264,//cdn.shopify.com/s/files/1/0534/2501/2925/products/kashish-dabu-print-high-rise-comfort-fit-shorts-short-shorts-547297_800x.jpg?v=1626279264","2,800",Kashish Dabu Print High-Rise Comfort Fit Shorts
"Available for Waist 19"" - 63"" | Petite - Tall Primary Fabric: 100% Cotton Pattern: Solid Color: Teal Style: Short Length: Mid-Thigh Length Mid Rise waist Full Elasticated Waist This garment has Slash Pocket, Mobile Pocket Number of Pockets: 3 Garment Transparency: Opaque Relaxed Fit Our artisans craft each piece, exclusively for you. Being handcrafted, every garment is unique.Disclaimer: All products shown in this picture, apart from these Shorts, are purely for Styling and Photography purposes. These will not be included in your order.We have an array of size and style options in shorts. We offer tall women's shorts and women's petite shorts. Scroll through our range of best plus size shorts.SKU: WSRT36C--------------------------- 100% COTTON 100% Cotton is the epitome of versatility and longevity. It is breathable and super absorbent, keeping you fresh all day. Cotton does not retain odor","//cdn.shopify.com/s/files/1/0534/2501/2925/products/JNPR3321new_800x.jpg?v=1640845263,//cdn.shopify.com/s/files/1/0534/2501/2925/products/JNPR3324_800x.jpg?v=1640845263,//cdn.shopify.com/s/files/1/0534/2501/2925/products/JNPR3340aa_800x.jpg?v=1640845263,//cdn.shopify.com/s/files/1/0534/2501/2925/products/JNPR3327_800x.jpg?v=1640845258,//cdn.shopify.com/s/files/1/0534/2501/2925/products/JNPR3336_800x.jpg?v=1640845258","2,460",Teal Solid Cotton Short Shorts
"Available for Waist 19"" - 63"" | Petite - Tall Primary Fabric: 100% Cotton Muslin - Yarn Dyed, Azo-Free Dyed, Handspun, Hand Woven in Murshidabad (West Bengal) This is a lined garment Pattern: Checks Color: Powder Blue, White Style: Straight Length: Mid-Thigh Length High Rise waist Half Elasticated Waist, Attached Belt at Waist This garment has Slash Pocket Number of Pockets: 2 Garment Transparency: Translucent Comfort Fit Tie-Up at front Take comfort in a classic with our checkered 100% Cotton Muslin Shorts. It features a half-elasticated waist with an attached belt for a secure grip. The shorts come with a tie-up at the front and 2 Slash Pockets for essentials. Pair it with an off white shirt and flip-ons for a fresh look.Our artisans craft each piece, exclusively for you. Being handcrafted, every garment is unique.Disclaimer: All products shown in","//cdn.shopify.com/s/files/1/0534/2501/2925/products/powder-blue-checkered-handspun-shorts-straight-shorts-428206_800x.jpg?v=1625992472,//cdn.shopify.com/s/files/1/0534/2501/2925/products/powder-blue-checkered-handspun-shorts-straight-shorts-240981_800x.jpg?v=1625992472,//cdn.shopify.com/s/files/1/0534/2501/2925/products/powder-blue-checkered-handspun-shorts-straight-shorts-686367_800x.jpg?v=1625992472,//cdn.shopify.com/s/files/1/0534/2501/2925/products/powder-blue-checkered-handspun-shorts-straight-shorts-530598_800x.jpg?v=1625992472,//cdn.shopify.com/s/files/1/0534/2501/2925/products/powder-blue-checkered-handspun-shorts-straight-shorts-109983_800x.jpg?v=1625992472,//cdn.shopify.com/s/files/1/0534/2501/2925/products/powder-blue-checkered-handspun-shorts-straight-shorts-523607_800x.jpg?v=1625992472","4,840",Powder Blue Checkered Handspun Shorts
"Available for Waist 19"" - 63"" | Petite - Tall Primary Fabric: 100% Cotton - Vegetable Dyed in Ahmedabad (Gujarat), Handspun, Hand Woven in Nagri (Tamil Nadu) Pattern: Solid Color: Blue Style: Straight Length: Mid-Thigh Length Mid Rise waist Banded waist This garment has Inseam Pocket Number of Pockets: 2 Garment Transparency: Opaque Relaxed Fit Concealed Zip at left Knife Pleats at Front Looking for shorts that you can wear to a beach and lounge in too? Our vegetable-dyed straight fit shorts are what you need. With a banded waist and knife pleats for a contemporary silhouette, these come complete with inseam pockets to carry your stuff. Style these shorts with a white crop top and slide sandals for a relaxed day by the waves.Our artisans craft each piece, exclusively for you. Being handcrafted, every garment is unique.Disclaimer: All products","//cdn.shopify.com/s/files/1/0534/2501/2925/products/blue-vegetable-dyed-straight-fit-shorts-straight-shorts-966099_800x.jpg?v=1625850728,//cdn.shopify.com/s/files/1/0534/2501/2925/products/blue-vegetable-dyed-straight-fit-shorts-straight-shorts-990368_800x.jpg?v=1625850728,//cdn.shopify.com/s/files/1/0534/2501/2925/products/blue-vegetable-dyed-straight-fit-shorts-straight-shorts-233822_800x.jpg?v=1625850728,//cdn.shopify.com/s/files/1/0534/2501/2925/products/blue-vegetable-dyed-straight-fit-shorts-straight-shorts-658341_800x.jpg?v=1625850728,//cdn.shopify.com/s/files/1/0534/2501/2925/products/blue-vegetable-dyed-straight-fit-shorts-straight-shorts-695362_800x.jpg?v=1625850728","4,020",Blue Vegetable Dyed Straight Fit Shorts
"Available for Waist 19"" - 63"" | Petite - Tall Primary Fabric: 100% Cotton - Yarn Dyed, Azo-Free Dyed, Handspun, Hand Woven in Murshidabad (West Bengal) Pattern: Checks Color: Bottle Green Button Type: Wood Style: Short Length: Mid-Thigh Length Mid Rise waist Half Elasticated Waist This garment has Slash Pocket, Patch Pocket Number of Pockets: 4 Garment Transparency: Opaque Relaxed Fit Belt Loops Get your chic vibe on with our short shorts. Made from 100% cotton, these mid-rise shorts come with 2 patch pockets and 2 slash pockets for all your treasures. Style these with a tube top and slide sandals for an easy and comfy lounge attire. Our artisans craft each piece, exclusively for you. Being handcrafted, every garment is unique. Disclaimer: All products shown in this picture, apart from these Shorts, are purely for Styling and Photography purposes.","//cdn.shopify.com/s/files/1/0534/2501/2925/products/6L3A1635copy_800x.jpg?v=1638421904,//cdn.shopify.com/s/files/1/0534/2501/2925/products/6L3A1638copy_800x.jpg?v=1638421904,//cdn.shopify.com/s/files/1/0534/2501/2925/products/6L3A1630copy_800x.jpg?v=1638421904,//cdn.shopify.com/s/files/1/0534/2501/2925/products/6L3A1632copy_800x.jpg?v=1638421904,//cdn.shopify.com/s/files/1/0534/2501/2925/products/6L3A1637copy_800x.jpg?v=1638421904,//cdn.shopify.com/s/files/1/0534/2501/2925/products/6L3A1641copy_800x.jpg?v=1638421895","4,330",Bottle Green Handspun Cotton Short Shorts
"Available for Waist 19"" - 63"" | Petite - Tall Craft: Sanganeri Hand Block Print Primary Fabric: 100% Cotton - Azo-Free Dyed, Hand Block Printed in Sanganer (Rajasthan) This is a lined garment Pattern: Stripes Color: White Style: Short, Boxers Length: Mid-Thigh Length Mid Rise waist Full Elasticated Waist This garment has Inseam Pocket Number of Pockets: 2 Garment Transparency: Opaque Relaxed Fit Elasticized Drawstring at Waist Handcrafted Tassels at Waist You haven't felt comfortable until you've put on these short boxer shorts. Breezy cotton cambric fabric, a loose fit, and inseam pockets - it doesn't get any comfier. The handcrafted tasseled drawstrings make it prettier to hang around in it all day paired with a blue crop top!Our artisans craft each piece, exclusively for you. Being handcrafted, every garment is unique.Disclaimer: All products shown in this picture, apart from","//cdn.shopify.com/s/files/1/0534/2501/2925/products/elastic-waist-striped-short-shorts-short-short-632362_800x.jpg?v=1626188018,//cdn.shopify.com/s/files/1/0534/2501/2925/products/elastic-waist-striped-short-shorts-short-short-516623_800x.jpg?v=1626188018,//cdn.shopify.com/s/files/1/0534/2501/2925/products/elastic-waist-striped-short-shorts-short-short-782747_800x.jpg?v=1626188018,//cdn.shopify.com/s/files/1/0534/2501/2925/products/elastic-waist-striped-short-shorts-short-short-582223_800x.jpg?v=1626188018,//cdn.shopify.com/s/files/1/0534/2501/2925/products/elastic-waist-striped-short-shorts-short-short-964367_800x.jpg?v=1626188018","3,690",Block Printed Striped Boxer Shorts
"Available for Waist 19"" - 63"" | Petite - Tall Primary Fabric: 100% Cotton - Yarn Dyed Pattern: Stripes Color: Dusk Beige Button Type: Metal Style: Paperbag, Pleated Length: Mid-Thigh Length High Rise waist Detached Belt at Waist This garment has Inseam Pocket Number of Pockets: 2 Garment Transparency: Opaque Relaxed Fit Concealed Zip at Side Belt Loops Our artisans craft each piece, exclusively for you. Being handcrafted, every garment is unique.Disclaimer: All products shown in this picture, apart from these Shorts, are purely for Styling and Photography purposes. These will not be included in your order.We have an array of size and style options in shorts. We offer tall women's shorts and women's petite shorts. Scroll through our range of best plus size shorts.SKU: WSRT52A Shop this look Buy the Top --------------------------- 100% COTTON 100% Cotton is the epitome","//cdn.shopify.com/s/files/1/0534/2501/2925/products/cotton-beige-striped-paperbag-shorts-paperbag-shorts-846996_800x.jpg?v=1625992611,//cdn.shopify.com/s/files/1/0534/2501/2925/products/cotton-beige-striped-paperbag-shorts-paperbag-shorts-553172_800x.jpg?v=1625992611,//cdn.shopify.com/s/files/1/0534/2501/2925/products/cotton-beige-striped-paperbag-shorts-paperbag-shorts-112570_800x.jpg?v=1625992611,//cdn.shopify.com/s/files/1/0534/2501/2925/products/cotton-beige-striped-paperbag-shorts-paperbag-shorts-910890_800x.jpg?v=1625992611,//cdn.shopify.com/s/files/1/0534/2501/2925/products/cotton-beige-striped-paperbag-shorts-paperbag-shorts-249864_800x.jpg?v=1625992611,//cdn.shopify.com/s/files/1/0534/2501/2925/products/cotton-beige-striped-paperbag-shorts-paperbag-shorts-364694_800x.jpg?v=1625992611","3,550",Cotton Beige Striped Paperbag Shorts
"Available for Waist 19"" - 63"" | Petite - Tall Primary Fabric: 100% Cotton Corduroy Pattern: Solid, Stripes Color: Dusk Beige Button Type: Shell Style: Baggy, Pleated Length: Mid-Thigh Length High Rise waist Half Elasticated Waist This garment has Slash Pocket Number of Pockets: 2 Garment Transparency: Opaque Comfort Fit Exposed Zip at Front Functional Specialty: Fold Up Hem Our artisans craft each piece, exclusively for you. Being handcrafted, every garment is unique.This product can also be worn as a maternity outfit.Disclaimer: All products shown in this picture, apart from these Shorts, are purely for Styling and Photography purposes. These will not be included in your order.We have an array of size and style options in shorts. We offer tall women's shorts and women's petite shorts. Scroll through our range of best plus size shorts.SKU: WSRT54A Shop this look Buy","//cdn.shopify.com/s/files/1/0534/2501/2925/products/dusk-beige-cotton-corduroy-baggy-shorts-baggy-shorts-226961_800x.jpg?v=1625992953,//cdn.shopify.com/s/files/1/0534/2501/2925/products/dusk-beige-cotton-corduroy-baggy-shorts-baggy-shorts-687982_800x.jpg?v=1625992953,//cdn.shopify.com/s/files/1/0534/2501/2925/products/dusk-beige-cotton-corduroy-baggy-shorts-baggy-shorts-996234_800x.jpg?v=1625992953,//cdn.shopify.com/s/files/1/0534/2501/2925/products/dusk-beige-cotton-corduroy-baggy-shorts-baggy-shorts-623110_800x.jpg?v=1625992953,//cdn.shopify.com/s/files/1/0534/2501/2925/products/dusk-beige-cotton-corduroy-baggy-shorts-baggy-shorts-204099_800x.jpg?v=1625992953,//cdn.shopify.com/s/files/1/0534/2501/2925/products/dusk-beige-cotton-corduroy-baggy-shorts-baggy-shorts-282944_800x.jpg?v=1625992953,//cdn.shopify.com/s/files/1/0534/2501/2925/products/dusk-beige-cotton-corduroy-baggy-shorts-baggy-shorts-419602_800x.jpg?v=1625992953","3,200",Dusk Beige Cotton Corduroy Baggy Shorts
"Available for Waist 19"" - 63"" | Petite - Tall Primary Fabric: 100% Cotton - Crinkled This is a lined garment Pattern: Solid Color: Off-white Style: Short Length: Mid-Thigh Length Mid Rise waist Half Elasticated Waist, Attached Belt at Waist This garment has Slash Pocket Number of Pockets: 2 Garment Transparency: Opaque Comfort Fit Airy and soft, these crinkled cotton shorts are sure to become your favorite this summer. With slash pockets to slide in your essentials, these short shorts feature half elasticated waist for a comfortable fit. Strike a pose at the beach in these shorts styles with a white top and flip-flops.Our artisans craft each piece, exclusively for you. Being handcrafted, every garment is unique.Disclaimer: All products shown in this picture, apart from these Shorts, are purely for Styling and Photography purposes. These will not be included in","//cdn.shopify.com/s/files/1/0534/2501/2925/products/white-short-crinkled-cotton-shorts-short-shorts-679340_800x.jpg?v=1625993784,//cdn.shopify.com/s/files/1/0534/2501/2925/products/white-short-crinkled-cotton-shorts-short-shorts-166598_800x.jpg?v=1625993784,//cdn.shopify.com/s/files/1/0534/2501/2925/products/white-short-crinkled-cotton-shorts-short-shorts-268133_800x.jpg?v=1625993784,//cdn.shopify.com/s/files/1/0534/2501/2925/products/white-short-crinkled-cotton-shorts-short-shorts-244886_800x.jpg?v=1625993784,//cdn.shopify.com/s/files/1/0534/2501/2925/products/white-short-crinkled-cotton-shorts-short-shorts-892179_800x.jpg?v=1625993784,//cdn.shopify.com/s/files/1/0534/2501/2925/products/white-short-crinkled-cotton-shorts-short-shorts-577404_800x.jpg?v=1625993784,//cdn.shopify.com/s/files/1/0534/2501/2925/products/white-short-crinkled-cotton-shorts-short-shorts-717647_800x.jpg?v=1625993784","4,000",White Short Crinkled Cotton Shorts
"Available for Waist 19"" - 63"" | Petite - Tall Primary Fabric: 100% Cotton Pattern: Solid Color: Brick Red Style: Straight Length: Mid-Thigh Length Mid Rise waist Full Elasticated Waist This garment has Inseam Pocket Number of Pockets: 2 Garment Transparency: Opaque Comfort Fit Drawstring at Waist Beat the heat with our brick red straight-fit shorts, made from breathable cotton. It sits pretty on your waist with a mid-rise style and looks good with a crop top and sneakers. Take it with you wherever you go, a casual outing or a brunch with friends.Our artisans craft each piece, exclusively for you. Being handcrafted, every garment is unique.Disclaimer: All products shown in this picture, apart from these Shorts, are purely for Styling and Photography purposes. These will not be included in your order.We have an array of size and style options","//cdn.shopify.com/s/files/1/0534/2501/2925/products/brick-red-mid-rise-straight-shorts-straight-fit-shorts-981452_800x.jpg?v=1625849079,//cdn.shopify.com/s/files/1/0534/2501/2925/products/brick-red-mid-rise-straight-shorts-straight-fit-shorts-804680_800x.jpg?v=1625849079,//cdn.shopify.com/s/files/1/0534/2501/2925/products/brick-red-mid-rise-straight-shorts-straight-fit-shorts-674000_800x.jpg?v=1625849079,//cdn.shopify.com/s/files/1/0534/2501/2925/products/brick-red-mid-rise-straight-shorts-straight-fit-shorts-133586_800x.jpg?v=1625849079,//cdn.shopify.com/s/files/1/0534/2501/2925/products/brick-red-mid-rise-straight-shorts-straight-fit-shorts-492663_800x.jpg?v=1625849079","1,880",Brick Red Cotton Straight Shorts
"Available for Waist 19"" - 63"" | Petite - Tall Craft: Bagru Hand Block Print Primary Fabric: 100% Cotton - Natural Dyed, Hand Block Printed in Bagru (Rajasthan) Pattern: Paisley, Contemporary, Traditional Color: Mustard Button Type: Shell Style: Short, Straight Length: Mid-Thigh Length High Rise waist Banded Waist This garment has Slash Pocket, Welt Pocket Number of Pockets: 3 Garment Transparency: Opaque Slim Fit Belt Loops Exposed Zip at The Front A short shorts makes for a perfect wardrobe pick to deal with hot summer days. What makes them even better is a comfy straight fit and functional pockets. Pull on a white tee, and take it everywhere with you - casual day-out, beach, or a brunch.Our artisans craft each piece, exclusively for you. Being handcrafted, every garment is unique.Disclaimer: All products shown in this picture, apart from these Shorts,","//cdn.shopify.com/s/files/1/0534/2501/2925/products/mustard-paisley-straight-short-shorts-short-shorts-542898_800x.jpg?v=1625993460,//cdn.shopify.com/s/files/1/0534/2501/2925/products/mustard-paisley-straight-short-shorts-short-shorts-439136_800x.jpg?v=1625993460,//cdn.shopify.com/s/files/1/0534/2501/2925/products/mustard-paisley-straight-short-shorts-short-shorts-882396_800x.jpg?v=1625993460,//cdn.shopify.com/s/files/1/0534/2501/2925/products/mustard-paisley-straight-short-shorts-short-shorts-516913_800x.jpg?v=1625993460,//cdn.shopify.com/s/files/1/0534/2501/2925/products/mustard-paisley-straight-short-shorts-short-shorts-362635_800x.jpg?v=1625993460","3,540",Bagru Block Print Mustard Straight Shorts
"Available for Waist 19"" - 63"" | Petite - Tall Craft: Dabu Hand Block Print Primary Fabric: 100% Cotton - Natural Dyed, Hand Block Printed in Sanganer (Rajasthan) This is a lined garment Pattern: Botanical, Floral Color: Indigo Style: Short Length: Mid-Thigh Length High Rise waist Waistbandless This garment has Inseam Pocket Number of Pockets: 2 Garment Transparency: Opaque Comfort Fit Tie-Up at Waist Concealed Zip at The Left Cord Piping Let your body feel the breeze in this sea-like indigo short shorts. It is hand-block printed using Dabu technique on a straight silhouette made from breathable cotton. Pair it with a crop top and flip-flops, and you're good from brunch to an evening outing. Our artisans craft each piece, exclusively for you. Being handcrafted, every garment is unique. Disclaimer: All products shown in this picture, apart from these Shorts,","//cdn.shopify.com/s/files/1/0534/2501/2925/products/IMG_0958_d4a508f7-cc33-467e-aed6-bebbc60246d8_800x.jpg?v=1638422191,//cdn.shopify.com/s/files/1/0534/2501/2925/products/IMG_0963_6496a8f4-25a9-4a94-aa6d-bbe7c095653f_800x.jpg?v=1638422191,//cdn.shopify.com/s/files/1/0534/2501/2925/products/IMG_0956_9f1a743e-afc5-4c25-a6fc-db4f785a88ed_800x.jpg?v=1638422191,//cdn.shopify.com/s/files/1/0534/2501/2925/products/IMG_0957_70cb5374-93f5-48a9-87aa-a2f6430ddd63_800x.jpg?v=1638422191,//cdn.shopify.com/s/files/1/0534/2501/2925/products/IMG_0961_c1aa365d-6d11-4b2f-a248-83e4d989a745_800x.jpg?v=1638422191","2,800",Indigo Dabu Print High Rise Comfort Fit Shorts
"Available for Waist 19"" - 63"" | Petite - Tall Craft: Sanganeri Hand Block Print Primary Fabric: 100% Cotton - Azo-Free Dyed, Hand Block Printed in Sanganer (Rajasthan) This is a lined garment Pattern: Floral, Contemporary Color: White, Peach Button Type: Shell Lace: Block-Printed Lace Style: Short, Straight Length: Micro Length Mid Rise waist Half Elasticated Waist, Attached Belt at Waist This garment has Inseam Pocket Number of Pockets: 2 Garment Transparency: Opaque Relaxed Fit Exposed Zip at Center Front These mid-rise short shorts are a skirt in disguise. A straight fit, inseam pockets, elasticated back, and room to bare your legs, they're comfy and breezy. A belt at the waist and Sanganeri block print just make these prettier. Pair them with a green or peach camisole top, and you're sure to look your best this summer!Our artisans craft each","//cdn.shopify.com/s/files/1/0534/2501/2925/products/straight-fit-belted-short-shorts-short-short-889155_800x.jpg?v=1625849414,//cdn.shopify.com/s/files/1/0534/2501/2925/products/straight-fit-belted-short-shorts-short-short-182816_800x.jpg?v=1625849414,//cdn.shopify.com/s/files/1/0534/2501/2925/products/straight-fit-belted-short-shorts-short-short-196280_800x.jpg?v=1625849414,//cdn.shopify.com/s/files/1/0534/2501/2925/products/straight-fit-belted-short-shorts-short-short-815533_800x.jpg?v=1625849414,//cdn.shopify.com/s/files/1/0534/2501/2925/products/straight-fit-belted-short-shorts-short-short-987011_800x.jpg?v=1625849414","3,690",Block Printed Mid-Rise Elasticated Shorts
"Available for Waist 19"" - 63"" | Petite - Tall Craft: Dabu Hand Block Print Primary Fabric: 100% Cotton - Natural Dyed, Hand Block Printed in Sanganer (Rajasthan) This is a lined garment Pattern: Floral, Contemporary Color: Indigo Style: Short Length: Mid-Thigh Length Mid Rise waist Half Elasticated Waist This garment has Patch Pocket Number of Pockets: 2 Garment Transparency: Opaque Comfort Fit Cord Piping Making up for a summer wardrobe essential, this Indigo floral short shorts is a cute thing to take out for a brunch or a casual day-out. It even has patch pockets to keep your hands free for a chilled cola. Pair it with a crop top and slip-on shoes. Our artisans craft each piece, exclusively for you. Being handcrafted, every garment is unique.Disclaimer: All products shown in this picture, apart from these Shorts, are purely","//cdn.shopify.com/s/files/1/0534/2501/2925/products/dabu-indigo-short-shorts-short-shorts-668532_800x.jpg?v=1626084919,//cdn.shopify.com/s/files/1/0534/2501/2925/products/dabu-indigo-short-shorts-short-shorts-799415_800x.jpg?v=1626084919,//cdn.shopify.com/s/files/1/0534/2501/2925/products/dabu-indigo-short-shorts-short-shorts-918230_800x.jpg?v=1626084919,//cdn.shopify.com/s/files/1/0534/2501/2925/products/dabu-indigo-short-shorts-short-shorts-237455_800x.jpg?v=1626084919,//cdn.shopify.com/s/files/1/0534/2501/2925/products/dabu-indigo-short-shorts-short-shorts-266670_800x.jpg?v=1626084919","2,820",Natural Dyed Mid Rise Dabu Printed Shorts
"Available for Waist 19"" - 63"" | Petite - Tall Primary Fabric: 100% Cotton Flannel Pattern: Solid Color: Ash Grey Button Type: Shell Style: Convertible Straight Cargo Pant Shorts Length: Ankle Length when worn as Pant. Mid-Thigh Length when worn as Shorts Mid Rise waist Half Elasticated Waist This garment has Slash Pocket Number of Pockets: 2 Garment Transparency: Opaque Relaxed Fit Exposed Zip at Front Our artisans craft each piece, exclusively for you. Being handcrafted, every garment is unique.Disclaimer: All products shown in this picture, apart from these Shorts, are purely for Styling and Photography purposes. These will not be included in your order.We have an array of size and style options in shorts. We offer tall women's shorts and women's petite shorts. Scroll through our range of best plus size shorts.SKU: WSRT48B--------------------------- 100% COTTON 100% Cotton is the","//cdn.shopify.com/s/files/1/0534/2501/2925/products/ash-grey-flannel-convertible-pant-shorts-pant-shorts-753382_800x.jpg?v=1630140008,//cdn.shopify.com/s/files/1/0534/2501/2925/products/ash-grey-flannel-convertible-pant-shorts-pant-shorts-251847_800x.jpg?v=1611242357,//cdn.shopify.com/s/files/1/0534/2501/2925/products/ash-grey-flannel-convertible-pant-shorts-pant-shorts-143366_800x.jpg?v=1611242357,//cdn.shopify.com/s/files/1/0534/2501/2925/products/ash-grey-flannel-convertible-pant-shorts-pant-shorts-352315_800x.jpg?v=1611242358,//cdn.shopify.com/s/files/1/0534/2501/2925/products/ash-grey-flannel-convertible-pant-shorts-pant-shorts-380806_800x.jpg?v=1611242358,//cdn.shopify.com/s/files/1/0534/2501/2925/products/ash-grey-flannel-convertible-pant-shorts-pant-shorts-199819_800x.jpg?v=1611242358,//cdn.shopify.com/s/files/1/0534/2501/2925/products/ash-grey-flannel-convertible-pant-shorts-pant-shorts-281145_800x.jpg?v=1611242358,//cdn.shopify.com/s/files/1/0534/2501/2925/products/ash-grey-flannel-convertible-pant-shorts-pant-shorts-784625_800x.jpg?v=1611242358,//cdn.shopify.com/s/files/1/0534/2501/2925/products/ash-grey-flannel-convertible-pant-shorts-pant-shorts-184982_800x.jpg?v=1611242358,//cdn.shopify.com/s/files/1/0534/2501/2925/products/ash-grey-flannel-convertible-pant-shorts-pant-shorts-401506_800x.jpg?v=1611242358,//cdn.shopify.com/s/files/1/0534/2501/2925/products/ash-grey-flannel-convertible-pant-shorts-pant-shorts-278156_800x.jpg?v=1611242358,//cdn.shopify.com/s/files/1/0534/2501/2925/products/ash-grey-flannel-convertible-pant-shorts-pant-shorts-497811_800x.jpg?v=1611242358,//cdn.shopify.com/s/files/1/0534/2501/2925/products/ash-grey-flannel-convertible-pant-shorts-pant-shorts-401993_800x.jpg?v=1611242358","4,630",Ash Grey Flannel Convertible Pant Shorts
"Available for Waist 19"" - 63"" | Petite - Tall Primary Fabric: 100% Cotton - Vegetable Dyed in Ahmedabad (Gujarat), Handspun, Hand Woven in Nagri (Tamil Nadu) Pattern: Solid Color: Powder Pink Style: Short Length: Mid-Thigh Length Mid Rise waist Full Elasticated Waist, Attached Belt at Waist This garment has Patch Pocket, Mobile Pocket Number of Pockets: 4 Garment Transparency: Opaque Comfort Fit Our artisans craft each piece, exclusively for you. Being handcrafted, every garment is unique.Disclaimer: All products shown in this picture, apart from these Shorts, are purely for Styling and Photography purposes. These will not be included in your order.We have an array of size and style options in shorts. We offer tall women's shorts and women's petite shorts. Scroll through our range of best plus size shorts.SKU: WSRT21C--------------------------- HANDSPUN AND HAND WOVEN + VEGETABLE DYED + When","//cdn.shopify.com/s/files/1/0534/2501/2925/products/powder-pink-vegetable-dyed-handspun-short-shorts-short-shorts-982182_800x.jpg?v=1626282323,//cdn.shopify.com/s/files/1/0534/2501/2925/products/powder-pink-vegetable-dyed-handspun-short-shorts-short-shorts-227718_800x.jpg?v=1626282323,//cdn.shopify.com/s/files/1/0534/2501/2925/products/powder-pink-vegetable-dyed-handspun-short-shorts-short-shorts-969847_800x.jpg?v=1626282323,//cdn.shopify.com/s/files/1/0534/2501/2925/products/powder-pink-vegetable-dyed-handspun-short-shorts-short-shorts-993785_800x.jpg?v=1626282323,//cdn.shopify.com/s/files/1/0534/2501/2925/products/powder-pink-vegetable-dyed-handspun-short-shorts-short-shorts-551003_800x.jpg?v=1626282323,//cdn.shopify.com/s/files/1/0534/2501/2925/products/powder-pink-vegetable-dyed-handspun-short-shorts-short-shorts-728897_800x.jpg?v=1626282323","4,660",Powder Pink Vegetable Dyed Handspun Short Shorts
"Available for Waist 19"" - 63"" | Petite - Tall Craft: Sanganeri Hand Block Print Primary Fabric: 100% Cotton - Hand Block Printed in Sanganer (Rajasthan) This is a lined garment Pattern: Floral Color: Blue Style: Short Length: Micro Length Mid Rise waist Half Elasticated Waist This garment has Slash Pocket Number of Pockets: 2 Garment Transparency: Opaque Relaxed Fit Drawstring at Waist A hotter day needs shorter shorts. Our short shorts have a pretty Sanganeri floral print with slash pockets and tasseled drawstrings. Pair it with a pink or blue crop top and take it to the beach or brunch.Our artisans craft each piece, exclusively for you. Being handcrafted, every garment is unique.Disclaimer: All products shown in this picture, apart from these Shorts, are purely for Styling and Photography purposes. These will not be included in your order.We have","//cdn.shopify.com/s/files/1/0534/2501/2925/products/blue-sanganeri-print-floral-short-shorts-short-shorts-390135_800x.jpg?v=1625849045,//cdn.shopify.com/s/files/1/0534/2501/2925/products/blue-sanganeri-print-floral-short-shorts-short-shorts-771677_800x.jpg?v=1625849045,//cdn.shopify.com/s/files/1/0534/2501/2925/products/blue-sanganeri-print-floral-short-shorts-short-shorts-264892_800x.jpg?v=1625849045,//cdn.shopify.com/s/files/1/0534/2501/2925/products/blue-sanganeri-print-floral-short-shorts-short-shorts-369121_800x.jpg?v=1625849045,//cdn.shopify.com/s/files/1/0534/2501/2925/products/blue-sanganeri-print-floral-short-shorts-short-shorts-868659_800x.jpg?v=1625849045","2,730",Blue Sanganeri Print Floral Short Shorts
"Available for Waist 19"" - 63"" | Petite - Tall Primary Fabric: 100% Cotton - Yarn Dyed, Azo-Free Dyed, Handspun, Hand Woven in Murshidabad (West Bengal) This is a lined garment Pattern: Solid Color: Mint Green Button Type: Shell Style: Short Length: Mid-Thigh Length Mid Rise waist Half Elasticated Waist, Banded waist This garment has Welt Pocket, Patch Pocket, Flap Pocket Number of Pockets: 4 Garment Transparency: Opaque Relaxed Fit Our artisans craft each piece, exclusively for you. Being handcrafted, every garment is unique.Disclaimer: All products shown in this picture, apart from these Shorts, are purely for Styling and Photography purposes. These will not be included in your order.We have an array of size and style options in shorts. We offer tall women's shorts and women's petite shorts. Scroll through our range of best plus size shorts.SKU: WSRT41A Shop this","//cdn.shopify.com/s/files/1/0534/2501/2925/products/mint-green-handspun-mid-rise-shorts-short-shorts-849884_800x.jpg?v=1626080718,//cdn.shopify.com/s/files/1/0534/2501/2925/products/mint-green-handspun-mid-rise-shorts-short-shorts-881441_800x.jpg?v=1626080718,//cdn.shopify.com/s/files/1/0534/2501/2925/products/mint-green-handspun-mid-rise-shorts-short-shorts-572218_800x.jpg?v=1626080718,//cdn.shopify.com/s/files/1/0534/2501/2925/products/mint-green-handspun-mid-rise-shorts-short-shorts-234023_800x.jpg?v=1626080718,//cdn.shopify.com/s/files/1/0534/2501/2925/products/mint-green-handspun-mid-rise-shorts-short-shorts-587743_800x.jpg?v=1626080718,//cdn.shopify.com/s/files/1/0534/2501/2925/products/mint-green-handspun-mid-rise-shorts-short-shorts-321814_800x.jpg?v=1626080718","3,570",Mint Green Handspun Mid-Rise Shorts
"Available for Waist 19"" - 63"" | Petite - Tall Primary Fabric: 100% Cotton Pattern: Solid Color: Beige Style: Short Length: Mid-Thigh Length Mid Rise waist Full Elasticated Waist This garment has Slash Pocket, Mobile Pocket Number of Pockets: 3 Garment Transparency: Opaque Relaxed Fit Our artisans craft each piece, exclusively for you. Being handcrafted, every garment is unique.Disclaimer: All products shown in this picture, apart from these Shorts, are purely for Styling and Photography purposes. These will not be included in your order.We have an array of size and style options in shorts. We offer tall women's shorts and women's petite shorts. Scroll through our range of best plus size shorts.SKU: WSRT36B--------------------------- 100% COTTON 100% Cotton is the epitome of versatility and longevity. It is breathable and super absorbent, keeping you fresh all day. Cotton does not retain odor","//cdn.shopify.com/s/files/1/0534/2501/2925/products/beige-solid-cotton-short-shorts-short-shorts-131671_800x.jpg?v=1611250601,//cdn.shopify.com/s/files/1/0534/2501/2925/products/beige-solid-cotton-short-shorts-short-shorts-521202_800x.jpg?v=1611250601,//cdn.shopify.com/s/files/1/0534/2501/2925/products/beige-solid-cotton-short-shorts-short-shorts-114410_800x.jpg?v=1611250601,//cdn.shopify.com/s/files/1/0534/2501/2925/products/beige-solid-cotton-short-shorts-short-shorts-535108_800x.jpg?v=1611250601,//cdn.shopify.com/s/files/1/0534/2501/2925/products/beige-solid-cotton-short-shorts-short-shorts-786730_800x.jpg?v=1611250601","2,460",Beige Solid Cotton Short Shorts
"Available for Waist 19"" - 63"" | Petite - Tall Primary Fabric: 100% Cotton - Yarn Dyed, Crinkled Pattern: Stripes Color: Sky Blue Style: Short Length: Mid-Thigh Length Mid Rise waist Half Elasticated Waist This garment has Inseam Pocket Number of Pockets: 2 Garment Transparency: Translucent Comfort Fit Gathers at waist Take a break from your busy life, and relax in our cool and breezy short shorts. Made from yarn-dyed 100% crinkled cotton, it features half elasticated waist for ease of wear, and inseam pockets for added functionality. Take it out on a sunny day styled with a white camisole and slide sandals for a walk along the beach.Our artisans craft each piece, exclusively for you. Being handcrafted, every garment is unique.Disclaimer: All products shown in this picture, apart from these Shorts, are purely for Styling and Photography purposes. These","//cdn.shopify.com/s/files/1/0534/2501/2925/products/sky-blue-crinkled-cotton-short-shorts-short-shorts-561579_800x.jpg?v=1625850697,//cdn.shopify.com/s/files/1/0534/2501/2925/products/sky-blue-crinkled-cotton-short-shorts-short-shorts-462658_800x.jpg?v=1625850697,//cdn.shopify.com/s/files/1/0534/2501/2925/products/sky-blue-crinkled-cotton-short-shorts-short-shorts-521363_800x.jpg?v=1625850698,//cdn.shopify.com/s/files/1/0534/2501/2925/products/sky-blue-crinkled-cotton-short-shorts-short-shorts-106361_800x.jpg?v=1625850697,//cdn.shopify.com/s/files/1/0534/2501/2925/products/sky-blue-crinkled-cotton-short-shorts-short-shorts-284311_800x.jpg?v=1625850697,//cdn.shopify.com/s/files/1/0534/2501/2925/products/sky-blue-crinkled-cotton-short-shorts-short-shorts-262102_800x.jpg?v=1625850697,//cdn.shopify.com/s/files/1/0534/2501/2925/products/sky-blue-crinkled-cotton-short-shorts-short-shorts-656328_800x.jpg?v=1625850698","3,520",Sky Blue Crinkled Cotton Short Shorts
"Available for Waist 19"" - 63"" | Petite - Tall Primary Fabric: 100% Cotton - Vegetable Dyed in Ahmedabad (Gujarat), Handspun, Hand Woven in Nagri (Tamil Nadu) Pattern: Solid Color: Brick Red Style: Short Length: Mid-Thigh Length Mid Rise waist Full Elasticated Waist, Attached Belt at Waist This garment has Patch Pocket, Mobile Pocket Number of Pockets: 4 Garment Transparency: Opaque Comfort Fit Our artisans craft each piece, exclusively for you. Being handcrafted, every garment is unique.Disclaimer: All products shown in this picture, apart from these Shorts, are purely for Styling and Photography purposes. These will not be included in your order.We have an array of size and style options in shorts. We offer tall women's shorts and women's petite shorts. Scroll through our range of best plus size shorts.SKU: WSRT21B--------------------------- HANDSPUN AND HAND WOVEN + VEGETABLE DYED + When","//cdn.shopify.com/s/files/1/0534/2501/2925/products/brick-red-vegetable-dyed-handspun-short-shorts-short-shorts-663628_800x.jpg?v=1626188524,//cdn.shopify.com/s/files/1/0534/2501/2925/products/brick-red-vegetable-dyed-handspun-short-shorts-short-shorts-577627_800x.jpg?v=1626188524,//cdn.shopify.com/s/files/1/0534/2501/2925/products/brick-red-vegetable-dyed-handspun-short-shorts-short-shorts-578294_800x.jpg?v=1626188524,//cdn.shopify.com/s/files/1/0534/2501/2925/products/brick-red-vegetable-dyed-handspun-short-shorts-short-shorts-461294_800x.jpg?v=1626188524,//cdn.shopify.com/s/files/1/0534/2501/2925/products/brick-red-vegetable-dyed-handspun-short-shorts-short-shorts-392414_800x.jpg?v=1626188524,//cdn.shopify.com/s/files/1/0534/2501/2925/products/brick-red-vegetable-dyed-handspun-short-shorts-short-shorts-354640_800x.jpg?v=1626188524","4,660",Brick Red Vegetable Dyed Handspun Short Shorts
"Available for Waist 19"" - 63"" | Petite - Tall Primary Fabric: 100% Cotton Pattern: Solid Color: Olive Green Style: Straight Length: Mid-Thigh Length Mid Rise waist Full Elasticated Waist This garment has Inseam Pocket Number of Pockets: 2 Garment Transparency: Opaque Comfort Fit Drawstring at Waist Our artisans craft each piece, exclusively for you. Being handcrafted, every garment is unique.Disclaimer: All products shown in this picture, apart from these Shorts, are purely for Styling and Photography purposes. These will not be included in your order.We have an array of size and style options in shorts. We offer tall women's shorts and women's petite shorts. Scroll through our range of best plus size shorts.SKU: WSRT2B--------------------------- 100% COTTON 100% Cotton is the epitome of versatility and longevity. It is breathable and super absorbent, keeping you fresh all day. Cotton does not","//cdn.shopify.com/s/files/1/0534/2501/2925/products/olive-green-cotton-straight-shorts-straight-shorts-148624_800x.jpg?v=1611242437,//cdn.shopify.com/s/files/1/0534/2501/2925/products/olive-green-cotton-straight-shorts-straight-shorts-974322_800x.jpg?v=1611242437,//cdn.shopify.com/s/files/1/0534/2501/2925/products/olive-green-cotton-straight-shorts-straight-shorts-403116_800x.jpg?v=1611242437,//cdn.shopify.com/s/files/1/0534/2501/2925/products/olive-green-cotton-straight-shorts-straight-shorts-685767_800x.jpg?v=1611242437,//cdn.shopify.com/s/files/1/0534/2501/2925/products/olive-green-cotton-straight-shorts-straight-shorts-553617_800x.jpg?v=1611242437","1,880",Olive Green Cotton Straight Shorts
"Available for Waist 19"" - 63"" | Petite - Tall Primary Fabric: 100% Cotton Pattern: Solid Color: Teal Button Type: Shell Style: Short Length: Mid-Thigh Length Low Rise waist Half Elasticated Waist This garment has Slash Pocket Number of Pockets: 2 Garment Transparency: Opaque Comfort Fit Drawstring at waist Functional Specialty: Curved Hem Take a break from your busy life, and relax in our cool and breezy short shorts. Made from100% cotton, it features half elasticated waist for effortless wearing, and slash pockets for added functionality. It comes complete with sea-shell buttons and a drawstring at the waist. Take it out on a sunny day styled with a white camisole and slide sandals for a walk along the beach.Our artisans craft each piece, exclusively for you. Being handcrafted, every garment is unique.Disclaimer: All products shown in this picture, apart from","//cdn.shopify.com/s/files/1/0534/2501/2925/products/JNPR3311_139c52a6-d380-4451-9b09-d65833ae47ac_800x.jpg?v=1640770756,//cdn.shopify.com/s/files/1/0534/2501/2925/products/JNPR3308_d0042ac0-8751-43a7-ac51-f538ba625d06_800x.jpg?v=1640770769,//cdn.shopify.com/s/files/1/0534/2501/2925/products/JNPR3301_98320ddb-c017-4b0b-b3bb-60053f5572ff_800x.jpg?v=1640770769,//cdn.shopify.com/s/files/1/0534/2501/2925/products/JNPR3316_9952abf8-9c5a-4bed-be5f-6e4d3f3cf79a_800x.jpg?v=1640770769,//cdn.shopify.com/s/files/1/0534/2501/2925/products/JNPR3304_a76078cd-90b4-42f5-b9ea-91b50c182a50_800x.jpg?v=1640770769","3,140",Teal Blue Low Rise Short Cotton Shorts
"Available for Waist 19"" - 63"" | Petite - Tall Primary Fabric: 100% Cotton - Vegetable Dyed in Ahmedabad (Gujarat), Handspun, Hand Woven in Nagri (Tamil Nadu) Pattern: Solid Color: Rust Style: Short Length: Mid-Thigh Length Mid Rise waist Full Elasticated Waist, Attached Belt at Waist This garment has Patch Pocket, Mobile Pocket Number of Pockets: 4 Garment Transparency: Opaque Comfort Fit Our artisans craft each piece, exclusively for you. Being handcrafted, every garment is unique.Disclaimer: All products shown in this picture, apart from these Shorts, are purely for Styling and Photography purposes. These will not be included in your order.We have an array of size and style options in shorts. We offer tall women's shorts and women's petite shorts. Scroll through our range of best plus size shorts.SKU: WSRT21D--------------------------- HANDSPUN AND HAND WOVEN + VEGETABLE DYED + When fiber","//cdn.shopify.com/s/files/1/0534/2501/2925/products/rust-vegetable-dyed-handspun-short-shorts-short-shorts-117885_800x.jpg?v=1626282778,//cdn.shopify.com/s/files/1/0534/2501/2925/products/rust-vegetable-dyed-handspun-short-shorts-short-shorts-529557_800x.jpg?v=1626282778,//cdn.shopify.com/s/files/1/0534/2501/2925/products/rust-vegetable-dyed-handspun-short-shorts-short-shorts-544971_800x.jpg?v=1626282778,//cdn.shopify.com/s/files/1/0534/2501/2925/products/rust-vegetable-dyed-handspun-short-shorts-short-shorts-357087_800x.jpg?v=1626282778,//cdn.shopify.com/s/files/1/0534/2501/2925/products/rust-vegetable-dyed-handspun-short-shorts-short-shorts-292549_800x.jpg?v=1626282778,//cdn.shopify.com/s/files/1/0534/2501/2925/products/rust-vegetable-dyed-handspun-short-shorts-short-shorts-541891_800x.jpg?v=1626282778","4,660",Rust Vegetable Dyed Handspun Short Shorts
"Available for Waist 19"" - 63"" | Petite - Tall Craft: Bagru Hand Block Print Primary Fabric: 100% Cotton - Natural Dyed, Hand Block Printed in Bagru (Rajasthan) Pattern: Stripes Color: Black Button Type: Wood Style: Short Length: Mid-Thigh Length Mid Rise waist This garment has Slash Pocket, Mobile Pocket Number of Pockets: 4 Garment Transparency: Translucent Slim Fit Belt Loops Exposed Zip at Front A cute pair of striped short shorts made of breathable cotton, printed in natural Bagru print, and has slant pockets with additional mobile pockets. What is more snug and cute? Pair it with a black crop top, and head out for a brunch or the beach!Our artisans craft each piece, exclusively for you. Being handcrafted, every garment is unique.Disclaimer: All products shown in this picture, apart from these Shorts, are purely for Styling and Photography","//cdn.shopify.com/s/files/1/0534/2501/2925/products/striped-mobile-pocket-short-shorts-short-shorts-367433_800x.jpg?v=1626171990,//cdn.shopify.com/s/files/1/0534/2501/2925/products/striped-mobile-pocket-short-shorts-short-shorts-511714_800x.jpg?v=1626171990,//cdn.shopify.com/s/files/1/0534/2501/2925/products/striped-mobile-pocket-short-shorts-short-shorts-997255_800x.jpg?v=1626171990,//cdn.shopify.com/s/files/1/0534/2501/2925/products/striped-mobile-pocket-short-shorts-short-shorts-429509_800x.jpg?v=1626171990,//cdn.shopify.com/s/files/1/0534/2501/2925/products/striped-mobile-pocket-short-shorts-short-shorts-306455_800x.jpg?v=1626171990","3,010",Striped Mobile Pocket Bagru Short Shorts
"Available for Waist 19"" - 63"" | Petite - Tall Primary Fabric: 100% Cotton Muslin - Yarn Dyed, Azo-Free Dyed, Handspun, Hand Woven in Murshidabad (West Bengal) This is a lined garment Pattern: Checks Color: Powder Pink Style: Paneled Length: Micro Length Mid Rise waist Full Elasticated Waist This garment has Slash Pocket Number of Pockets: 2 Garment Transparency: Opaque Comfort Fit Drawstring at waist Perfect for a Sunday brunch, these paneled shorts are a blend of comfy and chic. Made from Azo-Free dyed 100% cotton, it features slash pockets for all your essentials. These micro-length shorts come complete with a fully elasticated waist for a snug fit. Style it with an off-white camisole and flip-ons, and be sure to get noticed.Our artisans craft each piece, exclusively for you. Being handcrafted, every garment is unique.Disclaimer: All products shown in this","//cdn.shopify.com/s/files/1/0534/2501/2925/products/powder-pink-handspun-paneled-shorts-paneled-shorts-609353_800x.jpg?v=1626282304,//cdn.shopify.com/s/files/1/0534/2501/2925/products/powder-pink-handspun-paneled-shorts-paneled-shorts-274630_800x.jpg?v=1626282304,//cdn.shopify.com/s/files/1/0534/2501/2925/products/powder-pink-handspun-paneled-shorts-paneled-shorts-267122_800x.jpg?v=1626282304,//cdn.shopify.com/s/files/1/0534/2501/2925/products/powder-pink-handspun-paneled-shorts-paneled-shorts-778319_800x.jpg?v=1626282304,//cdn.shopify.com/s/files/1/0534/2501/2925/products/powder-pink-handspun-paneled-shorts-paneled-shorts-957734_800x.jpg?v=1626282304","4,450",Powder Pink Handspun Mid Rise Shorts
"Available for Waist 19"" - 63"" | Petite - Tall Primary Fabric: 100% Cotton Flannel Pattern: Solid Color: Dusk Beige Button Type: Coconut Style: Short Length: Mid-Thigh Length High Rise waist Banded waist This garment has Inseam Pocket Number of Pockets: 2 Garment Transparency: Opaque Slim Fit Exposed Zip at Front Our artisans craft each piece, exclusively for you. Being handcrafted, every garment is unique.Disclaimer: All products shown in this picture, apart from these Shorts, are purely for Styling and Photography purposes. These will not be included in your order.We have an array of size and style options in shorts. We offer tall women's shorts and women's petite shorts. Scroll through our range of best plus size shorts.SKU: WSRT53 Shop this look Buy the Top Buy the 2-Piece Co-ord Set --------------------------- 100% COTTON 100% Cotton is the epitome of versatility","//cdn.shopify.com/s/files/1/0534/2501/2925/products/warm-dusk-beige-cotton-flannel-shorts-short-shorts-198205_800x.jpg?v=1626083754,//cdn.shopify.com/s/files/1/0534/2501/2925/products/warm-dusk-beige-cotton-flannel-shorts-short-shorts-293835_800x.jpg?v=1626083754,//cdn.shopify.com/s/files/1/0534/2501/2925/products/warm-dusk-beige-cotton-flannel-shorts-short-shorts-925155_800x.jpg?v=1626083754,//cdn.shopify.com/s/files/1/0534/2501/2925/products/warm-dusk-beige-cotton-flannel-shorts-short-shorts-145757_800x.jpg?v=1626083754,//cdn.shopify.com/s/files/1/0534/2501/2925/products/warm-dusk-beige-cotton-flannel-shorts-short-shorts-113220_800x.jpg?v=1626083754","3,390",Warm Dusk Beige Cotton Flannel Shorts
"Available for Waist 19"" - 63"" | Petite - Tall Primary Fabric: 100% Cotton - Vegetable Dyed in Ahmedabad (Gujarat), Handspun, Hand Woven in Nagri (Tamil Nadu) Pattern: Solid Color: Powder Blue Style: Short Length: Mid-Thigh Length Mid Rise waist Full Elasticated Waist, Attached Belt at Waist This garment has Patch Pocket, Mobile Pocket Number of Pockets: 4 Garment Transparency: Opaque Comfort Fit Our artisans craft each piece, exclusively for you. Being handcrafted, every garment is unique.Disclaimer: All products shown in this picture, apart from these Shorts, are purely for Styling and Photography purposes. These will not be included in your order.We have an array of size and style options in shorts. We offer tall women's shorts and women's petite shorts. Scroll through our range of best plus size shorts.SKU: WSRT21A--------------------------- HANDSPUN AND HAND WOVEN + VEGETABLE DYED + When","//cdn.shopify.com/s/files/1/0534/2501/2925/products/powder-blue-vegetable-dyed-handspun-short-shorts-short-shorts-323649_800x.jpg?v=1626282234,//cdn.shopify.com/s/files/1/0534/2501/2925/products/powder-blue-vegetable-dyed-handspun-short-shorts-short-shorts-832460_800x.jpg?v=1626282234,//cdn.shopify.com/s/files/1/0534/2501/2925/products/powder-blue-vegetable-dyed-handspun-short-shorts-short-shorts-569170_800x.jpg?v=1626282234,//cdn.shopify.com/s/files/1/0534/2501/2925/products/powder-blue-vegetable-dyed-handspun-short-shorts-short-shorts-380090_800x.jpg?v=1626282234,//cdn.shopify.com/s/files/1/0534/2501/2925/products/powder-blue-vegetable-dyed-handspun-short-shorts-short-shorts-515609_800x.jpg?v=1626282234,//cdn.shopify.com/s/files/1/0534/2501/2925/products/powder-blue-vegetable-dyed-handspun-short-shorts-short-shorts-276819_800x.jpg?v=1626282234","4,660",Powder Blue Vegetable Dyed Handspun Short Shorts
"Available for Waist 19"" - 63"" | Petite - Tall Craft: Sanganeri Hand Block Print Primary Fabric: 100% Cotton - Azo-Free Dyed, Hand Block Printed in Sanganer (Rajasthan) This is a lined garment This garment is Hand Embroidered Pattern: Paisley, Contemporary Color: White, Pink Lace: Block-Printed Lace Style: Short Length: Mid-Thigh Length Mid Rise waist Banded waist This garment has Inseam Pocket Number of Pockets: 2 Garment Transparency: Opaque Relaxed Fit Tie-Up at waist Heading out to the beach? This summer stroll in style with our short shorts. With banded waist and inseam pockets, this is the most versatile a pair of shorts can get. It is made from 100% cotton, and features hand-block printed paisleys. Style it with a pink crop top to strike a pose wherever you go.Our artisans craft each piece, exclusively for you. Being handcrafted, every","//cdn.shopify.com/s/files/1/0534/2501/2925/products/white-handblock-printed-paisley-short-shorts-short-shorts-799175_800x.jpg?v=1626371001,//cdn.shopify.com/s/files/1/0534/2501/2925/products/white-handblock-printed-paisley-short-shorts-short-shorts-554380_800x.jpg?v=1626371001,//cdn.shopify.com/s/files/1/0534/2501/2925/products/white-handblock-printed-paisley-short-shorts-short-shorts-425966_800x.jpg?v=1626371001,//cdn.shopify.com/s/files/1/0534/2501/2925/products/white-handblock-printed-paisley-short-shorts-short-shorts-622898_800x.jpg?v=1626371001,//cdn.shopify.com/s/files/1/0534/2501/2925/products/white-handblock-printed-paisley-short-shorts-short-shorts-684463_800x.jpg?v=1626371001","3,800",White Mid Rise Paisley Short Shorts
"Available for Waist 19"" - 63"" | Petite - Tall Primary Fabric: 100% Cotton Pattern: Solid Color: Beige Style: Straight Length: Mid-Thigh Length Mid Rise waist Full Elasticated Waist This garment has Inseam Pocket Number of Pockets: 2 Garment Transparency: Opaque Comfort Fit Drawstring at Waist Our artisans craft each piece, exclusively for you. Being handcrafted, every garment is unique.Disclaimer: All products shown in this picture, apart from these Shorts, are purely for Styling and Photography purposes. These will not be included in your order.We have an array of size and style options in shorts. We offer tall women's shorts and women's petite shorts. Scroll through our range of best plus size shorts.SKU: WSRT2C--------------------------- 100% COTTON 100% Cotton is the epitome of versatility and longevity. It is breathable and super absorbent, keeping you fresh all day. Cotton does not retain","//cdn.shopify.com/s/files/1/0534/2501/2925/products/beige-mid-rise-cotton-straight-shorts-straight-shorts-665511_800x.jpg?v=1611242420,//cdn.shopify.com/s/files/1/0534/2501/2925/products/beige-mid-rise-cotton-straight-shorts-straight-shorts-112654_800x.jpg?v=1611242420,//cdn.shopify.com/s/files/1/0534/2501/2925/products/beige-mid-rise-cotton-straight-shorts-straight-shorts-691123_800x.jpg?v=1611242420,//cdn.shopify.com/s/files/1/0534/2501/2925/products/beige-mid-rise-cotton-straight-shorts-straight-shorts-493265_800x.jpg?v=1611242420","1,880",Beige Mid-Rise Cotton Straight Shorts
"Available for Waist 19"" - 63"" | Petite - Tall Primary Fabric: 100% Cotton Pattern: Solid Color: Teal Style: Straight Length: Mid-Thigh Length Mid Rise waist Full Elasticated Waist This garment has Inseam Pocket Number of Pockets: 2 Garment Transparency: Opaque Comfort Fit Drawstring at Waist Our artisans craft each piece, exclusively for you. Being handcrafted, every garment is unique.Disclaimer: All products shown in this picture, apart from these Shorts, are purely for Styling and Photography purposes. These will not be included in your order.We have an array of size and style options in shorts. We offer tall women's shorts and women's petite shorts. Scroll through our range of best plus size shorts.SKU: WSRT2A--------------------------- 100% COTTON 100% Cotton is the epitome of versatility and longevity. It is breathable and super absorbent, keeping you fresh all day. Cotton does not retain","//cdn.shopify.com/s/files/1/0534/2501/2925/products/IMG_2137_800x.jpg?v=1640772528,//cdn.shopify.com/s/files/1/0534/2501/2925/products/IMG_2136_800x.jpg?v=1640772528,//cdn.shopify.com/s/files/1/0534/2501/2925/products/IMG_2133_800x.jpg?v=1640772528,//cdn.shopify.com/s/files/1/0534/2501/2925/products/IMG_2142_800x.jpg?v=1640772528,//cdn.shopify.com/s/files/1/0534/2501/2925/products/IMG_2141_800x.jpg?v=1640772520","1,880",Teal Mid-Rise Cotton Straight Shorts
"Available for Waist 19"" - 63"" | Petite - Tall Primary Fabric: 100% Cotton - Yarn Dyed This is a lined garment Pattern: Solid Color: Mint Green Style: Short Length: Mid-Thigh Length Mid Rise waist Half Elasticated Waist This garment has Inseam Pocket Number of Pockets: 2 Garment Transparency: Opaque Comfort Fit Gathers at front Nothing's better than a pair of mint green shorts on a hot sunny day. Made from 100% cotton chambray, it is soft, breezy, and comfortable to wear. It features a half elasticated waist for a snug fit and inseam pockets to carry your stuff. These gathered shorts can be perfectly paired with a blue top and slide sandals.Our artisans craft each piece, exclusively for you. Being handcrafted, every garment is unique.Disclaimer: All products shown in this picture, apart from these Shorts, are purely for Styling","//cdn.shopify.com/s/files/1/0534/2501/2925/products/mint-green-cotton-chambray-short-shorts-short-shorts-179758_800x.jpg?v=1626280045,//cdn.shopify.com/s/files/1/0534/2501/2925/products/mint-green-cotton-chambray-short-shorts-short-shorts-310386_800x.jpg?v=1626280045,//cdn.shopify.com/s/files/1/0534/2501/2925/products/mint-green-cotton-chambray-short-shorts-short-shorts-632889_800x.jpg?v=1626280045,//cdn.shopify.com/s/files/1/0534/2501/2925/products/mint-green-cotton-chambray-short-shorts-short-shorts-532215_800x.jpg?v=1626280045,//cdn.shopify.com/s/files/1/0534/2501/2925/products/mint-green-cotton-chambray-short-shorts-short-shorts-981076_800x.jpg?v=1626280045,//cdn.shopify.com/s/files/1/0534/2501/2925/products/mint-green-cotton-chambray-short-shorts-short-shorts-542178_800x.jpg?v=1626280045","3,200",Mint Green Cotton Chambray Shorts
"Available for Waist 19"" - 63"" | Petite - Tall Craft: Tie Dye Primary Fabric: 100% Cotton - Hand Tie Dyed in Sanganer (Rajasthan) This is a lined garment Pattern: Solid, Stripes Color: Blue Button Type: Shell Style: Short Length: Mid-Thigh Length Mid Rise waist Half Elasticated Waist This garment has Slash Pocket Number of Pockets: 2 Garment Transparency: Opaque Comfort Fit Drawstring at both sides Comfy and light, these hand Tie Dyed shorts are perfect for anyone who enjoys a breakfast by the waves. It is made from 100% cotton, with elasticated waist for the ease of wearing and patch pockets to carry your stuff. Get out in the sun wearing these shorts with a white spaghetti top and slide sandals.Our artisans craft each piece, exclusively for you. Being handcrafted, every garment is unique.Disclaimer: All products shown in this","//cdn.shopify.com/s/files/1/0534/2501/2925/products/aqua-blue-tie-dye-short-shorts-short-shorts-411870_800x.jpg?v=1626187030,//cdn.shopify.com/s/files/1/0534/2501/2925/products/aqua-blue-tie-dye-short-shorts-short-shorts-570714_800x.jpg?v=1626187030,//cdn.shopify.com/s/files/1/0534/2501/2925/products/aqua-blue-tie-dye-short-shorts-short-shorts-751966_800x.jpg?v=1626187030,//cdn.shopify.com/s/files/1/0534/2501/2925/products/aqua-blue-tie-dye-short-shorts-short-shorts-718582_800x.jpg?v=1626187030,//cdn.shopify.com/s/files/1/0534/2501/2925/products/aqua-blue-tie-dye-short-shorts-short-shorts-521735_800x.jpg?v=1626187030,//cdn.shopify.com/s/files/1/0534/2501/2925/products/aqua-blue-tie-dye-short-shorts-short-shorts-238076_800x.jpg?v=1626187030,//cdn.shopify.com/s/files/1/0534/2501/2925/products/aqua-blue-tie-dye-short-shorts-short-shorts-184257_800x.jpg?v=1626187030","3,390",Aqua Blue Hand Tie Dyed Short Shorts
